datetime,close,high,low,open,volume
2023-01-02,1172.4229736328125,1173.8339554714264,1159.8152730282768,1160.6345333876427,5316175
2023-01-03,1163.8433837890625,1171.1030784147931,1159.6333122966857,1167.484608046624,7658932
2023-01-04,1146.3199462890625,1165.6638795067024,1144.2489814952548,1163.8204535723469,9264891
2023-01-05,1144.2718505859375,1154.444524100663,1139.6975967048293,1148.5730578082128,13637099
2023-01-06,1154.6719970703125,1159.7014488199864,1146.2062268293769,1150.0067279025698,6349597
2023-01-09,1181.935546875,1184.3024327987246,1157.6077880110724,1158.495310036998,10722753
2023-01-10,1164.457763671875,1186.1229559339358,1158.8139568288339,1186.1229559339358,8047142
2023-01-11,1149.7791748046875,1164.2756880320755,1147.4805506887315,1161.7723993271534,11509553
2023-01-12,1124.95068359375,1152.66937428215,1121.9466887446717,1149.1875477740466,17688773
2023-01-13,1123.1300048828125,1125.5422779668527,1108.1100323337862,1118.9425675214768,20618583
2023-01-16,1112.43408203125,1128.6146244497372,1104.650928111512,1125.451352485111,13623855
2023-01-17,1128.227783203125,1130.1393505155706,1115.39254413764,1118.7606010171576,10751000
2023-01-18,1126.361572265625,1133.8260509936374,1119.8302436718152,1125.8154789862106,13448286
2023-01-19,1125.155517578125,1129.2973269815554,1118.1461164478014,1125.5423336585025,11940054
2023-01-20,1111.7740478515625,1126.498099994501,1109.3162669117735,1126.498099994501,14930286
2023-01-23,1106.1529541015625,1122.4928945481186,1103.740680762082,1114.6643530412534,10954118
2023-01-24,1099.62158203125,1112.2291619475404,1086.604191358528,1110.567887379972,16488755
2023-01-25,1084.41943359375,1099.0525907434069,1083.2588649666125,1098.0285454381753,12385018
2023-01-27,1063.8466796875,1086.6041786241758,1052.1492554073047,1085.2615788879339,25830975
2023-01-30,1074.0421142578125,1079.5721516253268,1047.301962524109,1061.275136797208,21772103
2023-01-31,1071.356689453125,1086.7408457471734,1065.507977187044,1084.1691748734625,22691594
2023-02-01,1065.00732421875,1083.2360764936634,1049.1224630102595,1083.2360764936634,19347800
2023-02-02,1059.1131591796875,1068.6939904796102,1051.8534651796542,1055.039490983818,13662663
2023-02-03,1060.046142578125,1069.1491418437288,1043.6606957436647,1069.1491418437288,24699575
2023-02-06,1052.0582275390625,1056.4049422906214,1049.4866771417962,1053.6739942938243,14837879
2023-02-07,1049.5322265625,1059.317963418086,1043.6607603709601,1052.3086824433549,15135435
2023-02-08,1070.491943359375,1074.1104135326302,1050.0329473418535,1052.763775094713,21160332
2023-02-09,1072.35791015625,1079.0941439891108,1062.3218812610176,1071.174587683046,13172763
2023-02-10,1063.5281982421875,1071.8346919435837,1056.541550480388,1071.8346919435837,10790445
2023-02-13,1057.4747314453125,1069.6044807674139,1053.014246771071,1065.1439960931723,10352493
2023-02-14,1082.3941650390625,1084.1237013406706,1057.6112076513964,1060.4786791557608,14321920
2023-02-15,1106.9039306640625,1109.2935704583153,1080.0728831359263,1081.438236801432,33503591
2023-02-16,1106.0391845703125,1121.4005874250042,1103.7634345612037,1114.8691379463942,17264487
2023-02-17,1110.658935546875,1113.9816051705284,1097.1864667289992,1101.4649200456192,11809520
2023-02-20,1098.916015625,1115.0055411742242,1096.9588202637885,1112.843560839806,8836937
2023-02-21,1107.882568359375,1113.662898519213,1097.9829418267002,1103.285560740121,13311592
2023-02-22,1082.7581787109375,1106.0163837500274,1081.0058885994717,1104.1730780889727,11024335
2023-02-23,1077.5694580078125,1089.9723733814965,1074.7703686634186,1082.3486171348839,9851910
2023-02-24,1084.94287109375,1090.6095519639118,1077.7970672090605,1079.6176189122746,9434053
2023-02-27,1077.728759765625,1087.6511404469259,1070.3781703934308,1084.1691936141397,11199715
2023-02-28,1057.1104736328125,1077.341930453886,1053.0596796474115,1072.3807401740874,21994038
2023-03-01,1066.8280029296875,1067.556247767584,1057.4290817039348,1066.8735107076218,11551145
2023-03-02,1058.7034912109375,1070.3554080773672,1056.6780340138716,1063.6874354004365,9333535
2023-03-03,1085.7166748046875,1089.3806526612789,1065.7583852243542,1069.2174577017015,14643807
2023-03-06,1096.3216552734375,1103.5585953265452,1092.3618769382172,1092.3618769382172,10171916
2023-03-08,1100.2589111328125,1101.0099098785954,1085.5347367811812,1096.3217658966253,15782657
2023-03-09,1073.814453125,1100.0538988999717,1071.925639694687,1099.6443289280217,16235128
2023-03-10,1057.1787109375,1066.873432004649,1053.6967642276502,1065.7356172492796,13334091
2023-03-13,1039.7919921875,1066.873452659023,1035.4680311733223,1060.0462028218194,12771592
2023-03-14,1035.900390625,1049.0996910732963,1032.759872811723,1037.7436961620347,16027522
2023-03-15,1018.1951293945312,1046.0730981893198,1013.8029064238355,1039.6100305150924,21728555
2023-03-16,1013.1201171875,1025.9098489328373,1002.3330887657725,1020.9032712102262,18363159
2023-03-17,1011.8457641601562,1024.9768040332349,1007.1121729687228,1021.6997626346358,34014213
2023-03-20,1001.9006958007812,1010.4347882497465,992.228728371652,1008.1590382894185,19524589
2023-03-21,1033.0557861328125,1035.012981703826,1009.0693353007056,1009.9568573373366,21400360
2023-03-22,1036.1962890625,1042.9552773219068,1033.1922942805415,1040.019544203998,10920094
2023-03-23,1023.0880737304688,1033.1468580122537,1020.9260930464279,1032.2820898168275,16249370
2023-03-24,1002.833740234375,1024.0893029617876,1000.4214669115813,1021.9273224092733,12375945
2023-03-27,1018.4225463867188,1025.90977896285,1001.4227445518454,1009.2968533943721,14054323
2023-03-28,1023.1790161132812,1027.0477790218977,1018.1723180245734,1021.8135420535481,12576424
2023-03-29,1017.12548828125,1021.7224958577859,1006.3839078156758,1019.0825633693541,18804065
2023-03-31,1060.979248046875,1066.6231754133423,1026.2285229956078,1026.365046323969,28171201
2023-04-03,1061.1612548828125,1069.1491937096243,1053.674021972816,1067.3286419245596,10293043
2023-04-05,1058.6124267578125,1068.6939637197272,1050.7383779942936,1068.6939637197272,16262928
2023-04-06,1065.7127685546875,1071.4249575287643,1055.1077713504706,1055.1077713504706,18435046
2023-04-10,1058.1573486328125,1069.7865123929691,1056.6553511477282,1069.6044812774314,12961408
2023-04-11,1063.3916015625,1065.5080744845645,1057.7933019408324,1062.3220483520552,10542367
2023-04-12,1068.0797119140625,1077.7060516773786,1060.524216837008,1063.3915680312814,18179087
2023-04-13,1072.107666015625,1076.795689130458,1065.9631533362506,1070.9697308722916,12378208
2023-04-17,1077.5467529296875,1103.7179385078937,1069.1719976228505,1103.7179385078937,17929479
2023-04-18,1065.212158203125,1081.8934061981072,1058.6807090282337,1081.8934061981072,10405576
2023-04-19,1070.5146484375,1073.1999682915887,1061.5026644429847,1064.6204285434706,12273475
2023-04-20,1067.8065185546875,1073.700738803369,1061.4572205360348,1071.4704965576773,7007330
2023-04-21,1069.149169921875,1074.6109455464884,1063.414227261922,1069.9001685849196,7647317
2023-04-24,1073.2457275390625,1083.66857419955,1068.6941068206906,1080.9832540174862,12936186
2023-04-25,1081.4609375,1083.531902370724,1069.8318954861231,1076.8866839095363,9236126
2023-04-26,1075.1116943359375,1086.0353664118218,1071.4477164227017,1082.803712369468,8617834
2023-04-27,1081.9161376953125,1085.0794095289546,1075.9764101042033,1080.9831079441908,9167125
2023-04-28,1101.6925048828125,1103.2401305139506,1084.055471844269,1084.169241289732,15565210
2023-05-02,1111.0458984375,1113.2078790353276,1105.1516781407502,1108.8384100623043,12981805
2023-05-03,1101.510498046875,1112.8437409289727,1098.301718050311,1112.8437409289727,7061872
2023-05-04,1114.2091064453125,1116.416594693546,1099.0071018597473,1101.988342669684,8635233
2023-05-05,1111.3643798828125,1120.2853483523877,1108.7473216831954,1111.0230715749685,8746585
2023-05-08,1125.0872802734375,1130.4352865898127,1112.4568260241117,1115.1193920430428,9153782
2023-05-09,1128.569091796875,1131.869007406357,1121.1501206360317,1126.4981268820882,6464721
2023-05-10,1136.32958984375,1137.8088334262795,1129.3201880481902,1133.3255949002096,10872255
2023-05-11,1128.9105224609375,1142.2008392982707,1127.2036197395719,1137.3990467293847,10557860
2023-05-12,1130.75390625,1132.1421342539572,1118.07794349424,1124.131441065568,6955341
2023-05-15,1132.984130859375,1139.9479042684682,1125.6561748428358,1133.280051801227,6833343
2023-05-16,1116.84912109375,1137.694934018295,1115.1877260203244,1135.1461372719548,8717229
2023-05-17,1110.2493896484375,1121.9466942720846,1105.5613662435237,1121.0364183356555,8798967
2023-05-18,1107.8597412109375,1118.30546035269,1104.7191029898704,1114.9145293857496,10525531
2023-05-19,1111.4554443359375,1113.2761165640286,1100.9414625185966,1107.8598484380225,8050447
2023-05-22,1117.3951416015625,1122.4018396026681,1107.0860654519322,1108.2921418838719,7434906
2023-05-23,1117.1904296875,1123.312188970698,1115.7794477842358,1119.9668857159195,6092034
2023-05-24,1110.681640625,1121.4915428822148,1107.5866304097367,1113.253311435963,8112254
2023-05-25,1110.545166015625,1114.6643421149051,1099.667122010757,1107.791584377667,11487863
2023-05-26,1140.83544921875,1141.9732639390356,1115.4607723824483,1118.7605675013044,12626260
2023-05-29,1147.2530517578125,1151.531504943609,1141.1540467943241,1147.4350828573938,10010304
2023-05-30,1146.957275390625,1155.0362299051242,1144.4083583790168,1147.2530759336782,11342504
2023-05-31,1124.1768798828125,1142.3602457612046,1120.1260859548067,1137.8770075799403,27107927
2023-06-01,1121.150146484375,1131.0042653745227,1118.760627092655,1128.8422848607931,14592692
2023-06-02,1117.486083984375,1130.0710296303675,1115.5745167721084,1124.6775158937799,15800644
2023-06-05,1127.5223388671875,1130.4808258980374,1118.9654322095535,1122.9480849916627,10908682
2023-06-06,1128.4781494140625,1132.278650789992,1120.5813461084572,1130.3443294643755,7493309
2023-06-07,1137.0350341796875,1137.8770484380098,1125.4058709994415,1131.9600743505027,10312545
2023-06-08,1137.717529296875,1145.5461903387804,1133.7805050855106,1140.6077543669694,12071109
2023-06-09,1129.66162109375,1141.7686164711295,1127.8637026640356,1141.06312551103,5877018
2023-06-12,1130.662841796875,1132.961345647828,1121.9466580390113,1126.7258172350764,6391969
2023-06-13,1147.3668212890625,1148.5502642183164,1131.6186029642636,1135.6012556135665,11248016
2023-06-14,1161.4765625,1162.910298244975,1145.6145741430057,1147.4351259891316,13277380
2023-06-15,1161.795166015625,1166.3466657425097,1154.0347662802658,1161.4537373210937,11813494
2023-06-16,1173.105712890625,1175.3814628689474,1165.277051099355,1165.277051099355,24171579
2023-06-19,1161.4537353515625,1176.1096463131153,1157.2891721000835,1176.1096463131153,6798554
2023-06-20,1163.865966796875,1167.006484635752,1153.8071840798616,1159.51937260632,6921096
2023-06-21,1167.143310546875,1169.6693534657645,1159.724338626484,1163.8206407099467,6961603
2023-06-22,1154.0347900390625,1171.23949788599,1152.44177714095,1163.3654489449273,7619166
2023-06-23,1144.590576171875,1153.0791011607469,1143.3388714814953,1151.0308899558386,6628570
2023-06-26,1135.8516845703125,1144.8864236623613,1132.733920052133,1141.063168157715,12641159
2023-06-27,1136.2613525390625,1142.2009604948269,1131.800867806594,1136.3068603185193,9689466
2023-06-28,1151.303955078125,1155.1044562002996,1136.8983366424925,1143.7939683826976,11354006
2023-06-30,1160.748291015625,1163.6612702152565,1153.1017808120625,1158.9960008746662,11151555
2023-07-03,1190.5379638671875,1193.4054353348765,1163.0695664338207,1164.2985171745281,12154387
2023-07-04,1178.271728515625,1194.7709465205144,1171.2168190678697,1194.7709465205144,8061643
2023-07-05,1176.3372802734375,1187.4884916041076,1172.3775016836717,1187.4884916041076,10248062
2023-07-06,1201.0291748046875,1203.623479187279,1172.4912246414767,1172.4912246414767,19117987
2023-07-07,1198.6851806640625,1212.954155953701,1196.1362636289784,1199.3224099228335,13375267
2023-07-10,1244.860107421875,1254.3955512035543,1217.5283549278633,1223.85489867221,33240016
2023-07-11,1258.3553466796875,1260.7676199191653,1246.0208134423028,1252.9845865116806,20069348
2023-07-12,1259.74365234375,1275.3325943992056,1256.9671963432334,1259.0836691768593,18733835
2023-07-13,1248.4786376953125,1273.9670857818714,1245.8615793784056,1267.094328024154,14682934
2023-07-14,1247.431884765625,1256.6259006349142,1240.3314674712226,1251.664710084454,15124144
2023-07-17,1272.9202880859375,1281.2722893693374,1241.6513892285138,1250.2993114499395,22220040
2023-07-18,1283.72998046875,1291.4675058363223,1271.2360500564907,1282.1597215085937,25867313
2023-07-19,1293.4703369140625,1299.9107709888563,1273.0568480228928,1288.0768225101679,39122156
2023-07-20,1291.90380859375,1297.3773824613913,1272.252877809199,1272.252877809199,38717624
2023-07-21,1251.9117431640625,1289.4628832861451,1244.4410033700972,1286.553515673083,30249238
2023-07-24,1226.58984375,1240.175359314085,1217.66442067078,1223.433915662828,23727866
2023-07-25,1225.801025390625,1235.3675310299896,1222.9408976003053,1229.844596215791,12026020
2023-07-26,1245.7230224609375,1255.979969731278,1225.4064486777488,1225.4064486777488,12911012
2023-07-27,1234.1346435546875,1251.369208773566,1228.0446677829927,1249.5940443423385,17226898
2023-07-28,1246.5367431640625,1253.933562763768,1233.07450741441,1238.7454024408507,20827852
2023-07-31,1257.0894775390625,1259.3824434340952,1241.6547567277278,1246.5367298459403,8551174
2023-08-01,1239.3125,1261.8974809470349,1235.4168896571687,1259.9249956309786,9536632
2023-08-02,1226.072265625,1238.7207795689158,1214.8537553800984,1237.3400157682765,12748214
2023-08-03,1220.9189453125,1233.246977477257,1212.116802581427,1220.6231447751093,10168350
2023-08-04,1237.5125732421875,1240.6931815252224,1218.7986441252715,1232.2115193068155,22885610
2023-08-07,1244.564208984375,1246.807814528615,1235.2688245633212,1243.1587651593345,5982870
2023-08-08,1237.0687255859375,1249.791279456067,1232.5813939016416,1246.610671086271,9844072
2023-08-09,1245.2298583984375,1247.103743380083,1223.4832817270853,1235.1949123736956,11486586
2023-08-10,1250.7774658203125,1257.459283345296,1236.9700697678936,1245.106571013069,15470598
2023-08-11,1256.053955078125,1261.8235709864505,1238.8934290040763,1248.8050955618871,22179330
2023-08-14,1270.89697265625,1273.3872594997576,1245.13138265866,1252.035081413995,9575812
2023-08-16,1269.8612060546875,1273.633656051599,1257.9523753926644,1257.9523753926644,10203112
2023-08-17,1251.541748046875,1271.3159585738858,1249.0022217342007,1265.891624756504,13673744
2023-08-18,1260.8125,1271.0694465982021,1237.0193984812158,1248.2132273455447,18639978
2023-08-21,1251.47607421875,1269.0811399821723,1249.3157396404515,1261.3835688907475,9221746
2023-08-22,1251.1781005859375,1260.3903796040318,1241.0471519251682,1249.9365568165044,7713044
2023-08-23,1252.568603515625,1262.8238273856869,1249.9613617046014,1253.5618384912532,9517952
2023-08-24,1231.5120849609375,1261.3587235815999,1227.1418267680626,1261.3587235815999,14140020
2023-08-25,1225.8258056640625,1244.0267878143236,1213.0379055498036,1219.692531286219,22222400
2023-08-28,1213.6090087890625,1233.5978630514705,1207.326845947251,1227.6384530850385,12580826
2023-08-29,1201.9881591796875,1218.426124924763,1195.9293289635527,1217.7309089546334,16876644
2023-08-30,1200.845947265625,1213.236529405867,1199.3312396705562,1207.773737009852,12168946
2023-08-31,1195.3582763671875,1204.2973910221976,1191.832243755466,1203.30415606053,21638600
2023-09-01,1198.1641845703125,1204.6202121872007,1192.701391971407,1195.1348905121704,18112842
2023-09-04,1197.19580078125,1203.6269732528613,1194.5141147392258,1198.1641806717305,9347626
2023-09-05,1203.6021728515625,1208.7420910221174,1198.0648152036629,1201.8143014260206,8675876
2023-09-06,1206.1348876953125,1209.8346637897985,1200.4486416178,1202.3606674742653,8200370
2023-09-07,1207.7738037109375,1210.8776631982703,1197.3448358334992,1202.6586190269109,13652572
2023-09-08,1215.8189697265625,1219.6926105725597,1203.2793775372477,1211.74673037339,23109288
2023-09-11,1228.9296875,1230.0470768509072,1217.7060837441973,1217.7060837441973,13271074
2023-09-12,1211.1756591796875,1233.1012736835467,1209.735395658241,1233.1012736835467,16255666
2023-09-13,1217.234375,1222.9950653828562,1204.9182364741037,1211.7467272526792,12803338
2023-09-14,1218.3516845703125,1224.5594030531795,1214.2297352487885,1221.678997428229,9209636
2023-09-15,1220.611328125,1225.6519470756666,1216.4645236474253,1225.6519470756666,25468592
2023-09-18,1209.983642578125,1217.2094512068952,1207.798574150055,1211.7715140152752,7516300
2023-09-20,1183.017333984375,1205.5886964476529,1169.5342173018194,1203.329062564474,57081884
2023-09-21,1174.401123046875,1186.965570418066,1172.017334727341,1179.441742323428,12226182
2023-09-22,1169.5093994140625,1183.166381154962,1167.0511669496027,1179.963222413726,19176786
2023-09-25,1162.308349609375,1172.3648535170125,1159.6515188545518,1167.2496692558325,14254884
2023-09-26,1163.3265380859375,1167.1504687327713,1159.8999257031473,1161.3649231350792,10087782
2023-09-27,1176.4371337890625,1177.8773972692843,1161.3400104596365,1163.8230979312202,11722778
2023-09-28,1159.1549072265625,1183.4394534727044,1154.635639665983,1183.4394534727044,14518346
2023-09-29,1164.5679931640625,1176.5365229562149,1159.1549111179452,1162.978841473464,12342014
2023-10-03,1151.2337646484375,1159.899836684223,1150.1660855624907,1157.0938751709293,8859056
2023-10-04,1149.247314453125,1151.6559577742148,1139.7868482768445,1146.6897828808374,10286386
2023-10-05,1149.22265625,1156.8208073415985,1146.6898583897923,1151.7801879907,10953682
2023-10-06,1151.1593017578125,1154.5363248211877,1148.204452044047,1150.6875394076314,5431026
2023-10-09,1141.3511962890625,1148.1548319505969,1139.7371893760028,1146.2429272772165,7576878
2023-10-10,1146.3917236328125,1151.1095896158488,1144.0825008862844,1145.4730540565001,10236032
2023-10-11,1164.5928955078125,1166.9021183907282,1148.6762803444965,1149.3963514723782,9814118
2023-10-12,1166.7530517578125,1171.6944926486817,1161.1661051425594,1163.9969217565551,12554450
2023-10-13,1166.7034912109375,1170.7757303720264,1156.696576060419,1162.0849243141215,10150316
2023-10-16,1164.0963134765625,1169.3107973983604,1160.0985182209486,1164.568075868204,5929036
2023-10-17,1169.6583251953125,1171.8682487426624,1162.7305355660792,1170.0307883070402,7928180
2023-10-18,1154.1390380859375,1175.4935899954448,1152.6491856271346,1169.6583345318004,8918320
2023-10-19,1145.2744140625,1153.046550785559,1142.7168824019504,1148.1796749731895,12032556
2023-10-20,1141.7733154296875,1149.5204754976244,1140.3827622140566,1142.220222671192,8913312
2023-10-23,1123.9447021484375,1145.3241097798968,1119.996617270943,1137.254075402044,7853962
2023-10-25,1121.33740234375,1132.8837586263421,1113.9129953485747,1117.4141727928413,11620688
2023-10-26,1105.7188720703125,1121.3623234380264,1102.639867796045,1117.8860009118678,15222534
2023-10-27,1125.2359619140625,1129.0598924361125,1110.4118809600386,1112.42320609496,11771084
2023-10-30,1148.427978515625,1154.6356973184122,1127.2968794620358,1129.3082046030406,16813304
2023-10-31,1136.211181640625,1156.125592797878,1133.7280940272274,1156.125592797878,12808438
2023-11-01,1140.928955078125,1150.9110149678804,1129.904071222479,1136.831860850084,10309190
2023-11-02,1152.2518310546875,1154.2880111819782,1146.1682670397454,1149.1479718633905,10562104
2023-11-03,1152.0035400390625,1159.5769565823186,1150.0419252488898,1155.7281711259097,8850156
2023-11-06,1161.58837890625,1162.0849964260901,1154.9337526381958,1158.2610657722228,10647304
2023-11-07,1154.039794921875,1161.6380670799329,1151.929170502665,1159.130124403499,6960204
2023-11-08,1160.0487060546875,1162.581503663416,1153.021617313343,1158.1119464088365,7884494
2023-11-09,1147.4595947265625,1160.04877566907,1144.306025087675,1160.0240417895493,14513610
2023-11-10,1149.6197509765625,1150.3399433150457,1141.2518192214952,1144.9764503053682,7734954
2023-11-13,1149.470947265625,1154.4371224093552,1148.030683727237,1153.5927756393128,3854810
2023-11-15,1170.2542724609375,1172.9856686848777,1155.6289114743765,1162.084938912781,12220648
2023-11-16,1172.3648681640625,1179.044349063192,1165.5363777710952,1167.597413072765,13134910
2023-11-17,1169.807373046875,1178.597478522974,1168.0692118018185,1168.4912639289141,7758634
2023-11-20,1166.7283935546875,1171.2226850166387,1160.2970998159442,1166.3310752984878,4490186
2023-11-21,1181.4033203125,1185.9225880528827,1172.1165973266488,1174.997003070821,8214450
2023-11-22,1186.0218505859375,1189.1257098597493,1178.0759708449789,1179.4665240485472,8534814
2023-11-23,1189.647216796875,1191.8819955385097,1186.0218848115442,1186.0218848115442,8531542
2023-11-24,1188.8525390625,1193.1732081420546,1187.437251988596,1187.7104158519992,6749486
2023-11-28,1189.100830078125,1191.732926936636,1179.5906539581802,1188.8525213413693,13792174
2023-11-29,1192.2296142578125,1197.8165611621323,1190.9136263737091,1195.8549462757392,12531306
2023-11-30,1180.6832275390625,1192.2295841833957,1176.9337412400662,1189.2498792429226,28439984
2023-12-01,1189.05126953125,1190.0940935038786,1180.7577817740466,1180.9563802704033,14342842
2023-12-04,1201.9136962890625,1216.7129226171448,1191.186830615961,1216.7129226171448,15590990
2023-12-05,1210.6292724609375,1212.1688351602068,1202.633682465189,1211.250044316368,12693624
2023-12-06,1222.225341796875,1228.1101862520723,1209.2635769303338,1215.2726970013823,16422442
2023-12-07,1220.2139892578125,1222.1507489094333,1212.7398720220444,1221.6789865578335,8142096
2023-12-08,1219.568359375,1229.9724711859212,1214.229721540008,1223.5910094042822,10204894
2023-12-11,1221.3563232421875,1225.453417704806,1217.904734547768,1219.6926060838052,7066138
2023-12-12,1203.82568359375,1224.1372909888553,1201.8888025834185,1221.679058595461,9197124
2023-12-13,1208.7421875,1210.9273773327996,1195.0107615817908,1202.8076323900825,10031182
2023-12-14,1223.739990234375,1229.1034835977007,1213.0627137565868,1218.6993709996416,16972354
2023-12-15,1239.358642578125,1241.5437110117043,1226.6700416026847,1230.6181263548012,15932152
2023-12-18,1251.97265625,1258.8755906644863,1237.049276856192,1239.3586208649165,14165188
2023-12-19,1270.397216796875,1278.2436759402542,1254.058429051918,1268.8576541199075,16820604
2023-12-20,1255.02685546875,1290.6344268977684,1251.4760888731225,1276.8284362716163,17736722
2023-12-21,1272.607177734375,1278.045115020143,1250.606998600923,1254.9524016537405,13765454
2023-12-22,1273.8487548828125,1281.7200695868582,1265.2075375529496,1271.1422137306674,16541784
2023-12-26,1280.3048095703125,1287.2077445351904,1272.6816822126398,1275.3137792926366,7465664
2023-12-27,1284.675048828125,1291.1558103107097,1277.8465580943978,1282.2664054169704,9204156
2023-12-28,1293.9617919921875,1297.1649507188354,1284.6750686995726,1286.1400661216585,12302636
2023-12-29,1283.7313232421875,1298.1580852015331,1280.9254829942388,1296.7179430156748,10864584
2024-01-01,1286.363525390625,1294.6074246833273,1277.8713173390402,1281.5463597172072,4030540
2024-01-02,1297.015869140625,1298.6547310999006,1277.7967966042233,1283.7562064601311,7448800
2024-01-03,1282.9119873046875,1308.0904698211366,1279.8825721151966,1296.1716500505568,9037536
2024-01-04,1289.541748046875,1296.0971958654188,1280.8262081528858,1285.2460552857037,9612778
2024-01-05,1295.0294189453125,1301.0633942631744,1290.2122534871983,1292.645630717682,8086406
2024-01-08,1284.92333984375,1307.0724076439487,1275.7855050776957,1296.1716777447668,7734652
2024-01-09,1281.521484375,1294.5825491350672,1279.8826223433282,1291.2055258186397,5403074
2024-01-10,1316.0860595703125,1320.5059067362763,1278.81489267359,1279.783272530795,11102740
2024-01-11,1350.7003173828125,1353.2827041657133,1319.512713749835,1320.5059487620667,23725852
2024-01-12,1361.4520263671875,1364.0344131282275,1336.646006395595,1350.7003059486,15012164
2024-01-15,1384.6937255859375,1387.0029484318006,1356.758991589987,1365.698106468691,8610594
2024-01-16,1365.32568359375,1386.8541010590134,1361.228589153576,1380.5718168373746,9069024
2024-01-17,1352.3638916015625,1376.8968687570975,1345.8582751224426,1350.302977482024,12197382
2024-01-18,1358.69580078125,1361.7252160982366,1342.1088244002497,1342.257833902554,10279438
2024-01-19,1358.1990966796875,1366.6913040800202,1349.806309770892,1366.6913040800202,10422704
2024-01-23,1319.587158203125,1362.4701283646,1313.6030142485608,1362.4701283646,20055420
2024-01-24,1334.78369140625,1340.3706383054482,1314.9687015682296,1326.1921843701368,21919128
2024-01-25,1343.92138671875,1354.9215369888896,1326.1673112576736,1333.8648824366019,11808872
2024-01-29,1438.2540283203125,1442.673875689509,1350.9735003848803,1355.26919337579,23893438
2024-01-30,1398.1024169921875,1450.0982449976443,1394.9241134897238,1450.073389873741,14093978
2024-01-31,1416.973876953125,1424.5472938018186,1393.0120826613565,1394.5019351561814,15130226
2024-02-01,1416.998779296875,1433.5857557942002,1408.4569822908004,1425.2922675455375,13349362
2024-02-02,1447.838623046875,1464.9223379357,1423.4796314648363,1423.4796314648363,19652588
2024-02-05,1429.2900390625,1460.5520868528317,1421.8407764637946,1450.868045474515,8814432
2024-02-06,1418.1409912109375,1432.0958703098133,1410.2198450360786,1432.0958703098133,9047984
2024-02-07,1432.3939208984375,1439.6941741105304,1419.5811647792175,1426.2110570936395,9296568
2024-02-08,1440.31494140625,1449.6016646461153,1417.8678540780252,1440.190787028058,14694634
2024-02-09,1450.8680419921875,1462.0170807392553,1441.134290388772,1444.1637056694442,12556798
2024-02-12,1442.5247802734375,1451.1162869880786,1432.5924306020613,1450.8679782462941,6674430
2024-02-13,1455.1885986328125,1468.9945896130337,1444.1637141969918,1445.6535667219543,7715594
2024-02-14,1471.353515625,1473.613149525777,1447.6400297179562,1447.6400297179562,7117888
2024-02-15,1460.6513671875,1474.6808115666918,1456.6039830590935,1473.3151134412835,10006782
2024-02-16,1450.694091796875,1467.0080243843936,1448.6828880142914,1466.4865517855937,9767498
2024-02-19,1464.0283203125,1469.491112552472,1443.6918589044135,1452.1592111252703,6729828
2024-02-20,1461.073486328125,1465.5181885405725,1451.9109180393862,1465.046426181844,7117496
2024-02-21,1457.77099609375,1478.4551882133653,1447.6897575966793,1464.028425242182,12720292
2024-02-22,1471.7259521484375,1474.9042556309794,1448.1366210443205,1458.217980480876,18493728
2024-02-23,1483.5206298828125,1487.4191257635193,1473.3151159882195,1479.4235354995058,14438584
2024-02-26,1477.26318359375,1484.4145482713086,1472.470873262889,1483.446168404573,7513106
2024-02-27,1475.599609375,1489.8027971992935,1468.0510475861681,1472.9923674869672,10826044
2024-02-28,1445.7777099609375,1481.1865622803293,1440.3646276597456,1472.9675183320362,8647950
2024-02-29,1450.917724609375,1468.969697839758,1444.6851507865417,1455.089263077392,23628976
2024-03-01,1482.03076171875,1489.852487276954,1452.6061750950303,1453.5994100865482,12132926
2024-03-04,1497.202392578125,1502.2181563446675,1477.1638289011803,1480.391842498812,10024420
2024-03-05,1490.0511474609375,1497.2025124426148,1475.9969687447635,1495.5885055145832,7107668
2024-03-06,1492.8321533203125,1498.7915631140063,1468.4978966627293,1483.346710900882,7805676
2024-03-07,1468.920166015625,1492.9315501318383,1465.5679977876061,1492.8073957530228,8315726
2024-03-11,1456.678466796875,1478.926955657413,1453.599462461131,1478.926955657413,11277130
2024-03-12,1465.4437255859375,1477.933606592777,1455.1140578500986,1456.6783543995991,9432678
2024-03-13,1422.486328125,1473.066745744361,1418.116070049675,1469.7642879983296,13522134
2024-03-14,1421.791015625,1438.7257204946209,1415.8564608814304,1429.960349068663,18571102
2024-03-15,1408.630615234375,1423.529139511023,1403.3416876139654,1416.3033309879486,19223818
2024-03-18,1429.7369384765625,1431.9717172439134,1406.9422435473875,1410.3937109502833,9169392
2024-03-19,1415.608154296875,1427.8745820427584,1407.6622744621968,1419.0844767245467,8275764
2024-03-20,1433.9830322265625,1435.224575977408,1414.3914960871218,1418.2898707180725,8488806
2024-03-21,1441.1590576171875,1448.037258145121,1434.9017501776295,1442.6986202877974,13006936
2024-03-22,1445.1817626953125,1450.1230825118198,1437.558635664443,1440.1658775080002,19527608
2024-03-26,1431.8226318359375,1442.5744729711112,1429.2651003244707,1435.224510054802,11415906
2024-03-27,1482.7508544921875,1489.8525090341518,1437.2110537149451,1438.2042887209677,16326644
2024-03-28,1475.7982177734375,1495.7622172581894,1468.6469741875442,1482.7757179790017,21854364
2024-04-01,1474.73046875,1483.8681819261294,1472.4708349567309,1482.378329479293,5013880
2024-04-02,1476.8907470703125,1483.893102376519,1465.02163721912,1473.9607522936774,8910166
2024-04-03,1461.64453125,1474.4075761354848,1458.9628453771513,1472.0486431242657,7008292
2024-04-04,1453.0283203125,1469.7394502232175,1440.1907097980506,1469.7394502232175,14490272
2024-04-05,1450.222412109375,1460.8500994503086,1446.1501728221701,1450.9921934901015,7442298
2024-04-08,1475.92236328125,1480.8885383095317,1451.1163432638848,1453.0779581511547,8357118
2024-04-09,1453.7484130859375,1479.721532246934,1452.6061686018963,1478.9268957594693,7071414
2024-04-10,1469.565673828125,1476.9404924377993,1456.4301647801274,1456.4301647801274,9138330
2024-04-12,1457.2247314453125,1476.4189490188535,1453.1772261376407,1465.8906824343142,15551012
2024-04-15,1454.9154052734375,1472.0984192109631,1436.5405578378954,1451.1163299095672,12902062
2024-04-16,1455.834228515625,1461.2225769893437,1441.1095678626566,1443.5180900360606,9366184
2024-04-18,1454.4188232421875,1475.947240814455,1449.4775032629252,1453.5994528478836,19005692
2024-04-19,1460.1795654296875,1464.0283509520343,1433.2629218964987,1446.9199027822451,15741778
2024-04-22,1469.8387451171875,1472.7935949020498,1457.8703364834378,1462.4887820952295,10350362
2024-04-23,1449.45263671875,1483.3964917827916,1445.7032715406172,1468.99458409558,14605554
2024-04-24,1440.3646240234375,1458.6153172675517,1439.6941418962588,1453.5994319870126,10462776
2024-04-25,1450.0982666015625,1458.044146720608,1431.748273950543,1432.741508965424,15943926
2024-04-26,1442.7235107421875,1455.0892376772058,1440.1907130593506,1454.0462924561546,9413848
2024-04-29,1455.1141357421875,1457.969686378213,1440.190755560666,1440.190755560666,7247974
2024-04-30,1457.07568359375,1473.0418870480758,1452.9785893914159,1458.0689185518916,11474262
2024-05-02,1456.6287841796875,1467.3307939155113,1454.2201408954636,1462.0418662328166,14512646
2024-05-03,1424.2989501953125,1464.971873810829,1406.5697301896898,1461.0486441682738,17226958
2024-05-06,1409.921875,1430.2583364728227,1408.4071674433767,1425.7887791713451,7394208
2024-05-07,1391.9940185546875,1411.1386477198662,1382.5831410354065,1406.3959262738065,14517472
2024-05-08,1408.9534912109375,1423.255977539907,1388.045846950484,1388.045846950484,9439002
2024-05-09,1384.6937255859375,1414.118312061672,1380.5966312665314,1403.4410359565532,11009612
2024-05-10,1397.90380859375,1400.461340203056,1378.6846144825925,1387.3009765451195,10505096
2024-05-13,1393.210693359375,1397.4567972556988,1374.6372472590963,1390.4297080913934,8456620
2024-05-14,1410.4681396484375,1417.4207846263603,1390.5538507083768,1391.497375457578,7188300
2024-05-15,1406.6939697265625,1420.301241172303,1403.465955871342,1410.890363489447,5046534
2024-05-16,1415.70751953125,1417.8429990852542,1388.5674209537442,1408.9535941036795,14711774
2024-05-17,1425.9874267578125,1427.4772792429303,1403.6893497283538,1413.4231011289248,10916476
2024-05-21,1426.4095458984375,1432.0709366288527,1415.955723776385,1415.955723776385,11176128
2024-05-22,1450.7686767578125,1458.8387108533418,1426.5585744712246,1426.5585744712246,10281604
2024-05-23,1475.9969482421875,1482.1301017368073,1445.1569524094602,1448.6829852241392,14608260
2024-05-24,1470.236083984375,1478.4302725963466,1466.1141345549065,1473.588252052909,7094776
2024-05-27,1456.330810546875,1474.8546674414365,1451.6626545709723,1470.211245344789,6629010
2024-05-28,1446.3487548828125,1468.4979438251885,1442.92214263919,1458.0689763512862,7820162
2024-05-29,1431.0281982421875,1448.1366470699525,1428.7188540932618,1436.7144444353128,7383556
2024-05-30,1415.2108154296875,1430.6556676310377,1410.4929493466097,1425.7887920543308,13206858
2024-05-31,1420.723388671875,1432.4931993421653,1412.6284990566091,1421.6173244336267,31069832
2024-06-03,1500.1075439453125,1504.2543484052076,1449.1298080707809,1472.967447134317,21527942
2024-06-04,1387.8223876953125,1487.9156639356331,1350.104314753697,1487.9156639356331,36709098
2024-06-05,1411.138671875,1421.4683404578807,1374.7365836991446,1412.3802156651416,17464890
2024-06-06,1421.9151611328125,1433.9332800406028,1411.734502673632,1425.292184285246,17855722
2024-06-07,1460.0057373046875,1462.0419175490767,1416.8497251248357,1418.8361951215056,18558696
2024-06-10,1461.446044921875,1483.2475052957384,1458.143465705998,1460.005781384102,9251760
2024-06-11,1446.8206787109375,1463.705674137936,1444.8342086607024,1459.0622518977075,11774902
2024-06-12,1453.425537109375,1466.0148390522907,1445.3307689706455,1447.6399918148468,10081742
2024-06-13,1455.3375244140625,1462.2901691305944,1450.2223401237136,1462.0418603907183,9181160
2024-06-14,1467.554443359375,1469.6650677640184,1447.3668689541396,1460.0554705062502,8157998
2024-06-18,1471.005859375,1477.337732367643,1461.3962624530698,1477.2880221208793,7196766
2024-06-19,1448.7822265625,1477.4370314616108,1446.1501296188944,1477.4370314616108,8725874
2024-06-20,1463.7303466796875,1472.8184710275734,1440.290025318092,1449.129840920104,16113776
2024-06-21,1444.3623046875,1464.723622415666,1430.8294776608532,1463.6559432765043,31170360
2024-06-24,1431.723388671875,1439.694123747318,1427.7753038197789,1435.7460388952218,8878386
2024-06-25,1444.312744140625,1446.0757605690187,1431.251679238024,1433.2381492994232,7045386
2024-06-26,1503.7825927734375,1508.6990573544801,1435.3486794068933,1436.2674702477104,22014882
2024-06-27,1520.1959228515625,1527.0988578085678,1495.8119543802948,1503.5095258586794,28383030
2024-06-28,1554.81005859375,1570.3044999994931,1520.6676062297508,1520.6676062297508,28957336
2024-07-01,1549.5955810546875,1568.715354453727,1545.1508787601754,1551.9545141363872,7724306
2024-07-02,1554.586669921875,1562.855302960229,1546.4669251408175,1558.8823628827959,7749246
2024-07-03,1541.9228515625,1564.3450825817029,1532.3381098234954,1555.7287206925387,9049620
2024-07-04,1543.5120849609375,1556.8959026824639,1540.3089262521676,1546.466934913299,6837176
2024-07-05,1577.8779296875,1587.686125174581,1537.5277583798884,1543.3133036757315,12269710
2024-07-08,1590.0699462890625,1597.9165270899769,1571.8192530430833,1578.2504254618127,9500806
2024-07-09,1579.516845703125,1589.6726495338755,1569.8079491335773,1586.7922437269306,6960002
2024-07-10,1573.5076904296875,1586.6929092768046,1552.575311345012,1584.2098217818486,7134578
2024-07-11,1569.9569091796875,1593.3972306647354,1559.8755497952109,1576.760544603564,11940946
2024-07-12,1585.923095703125,1594.29114888902,1563.8484725700823,1573.7808223482348,12924784
2024-07-15,1586.419677734375,1594.9863292265602,1574.7740221286813,1593.595776039798,5329688
2024-07-16,1565.586669921875,1589.1760011895321,1558.5098705415778,1582.7199736846997,9386838
2024-07-18,1575.941162109375,1583.1172605988065,1547.2862359094959,1565.3383301885008,12298374
2024-07-19,1544.62939453125,1579.2187540134394,1542.295316590546,1575.2706692394984,13140390
2024-07-22,1490.52294921875,1527.0987787885172,1489.132396000546,1526.8504700439987,19674376
2024-07-23,1477.8343505859375,1495.5635707251784,1453.1027753418136,1490.8457045714713,18052044
2024-07-24,1485.58154296875,1499.288234484697,1466.4121801900785,1474.9539769524845,11913362
2024-07-25,1482.303955078125,1490.3242792963804,1467.0825557836058,1470.98105170067,12519876
2024-07-26,1498.81640625,1502.1934293549855,1480.2676949176735,1482.3038750787018,9859940
2024-07-29,1509.8165283203125,1517.1664917107262,1501.5478952839153,1501.7216386655564,7538550
2024-07-30,1502.91357421875,1514.6833847959679,1499.7848596996141,1506.7623598686414,8228208
2024-07-31,1495.2408447265625,1500.2317535937864,1490.9947408630155,1493.8254363572114,10057346
2024-08-01,1505.049072265625,1507.7307583181896,1494.1234870604208,1501.77134820626,10764222
2024-08-02,1489.1820068359375,1499.114356762296,1483.173007877194,1494.8186639169483,10268248
2024-08-05,1437.5338134765625,1473.8614567424752,1423.5540791976646,1469.9878159515392,17046704
2024-08-06,1446.1998291015625,1467.5046707476097,1441.5066968644826,1445.3058933780949,10236186
2024-08-07,1454.9154052734375,1462.5385323694986,1451.612947407825,1459.0622098816934,8174568
2024-08-08,1439.3216552734375,1455.0892607439564,1436.1433518023791,1447.6648534405974,12387192
2024-08-09,1464.326416015625,1466.5114845282942,1446.1501669307122,1450.1231069497526,6249776
2024-08-12,1450.743896484375,1463.0351798178756,1447.8883458109356,1460.05547476733,8184584
2024-08-13,1453.7235107421875,1460.1298277029484,1448.1365641213488,1450.8679602470922,6265064
2024-08-14,1451.9605712890625,1462.0419308628677,1443.8656817300166,1453.6491435483126,6267466
2024-08-16,1468.199951171875,1470.3851409523195,1448.1863626084614,1458.7146295221214,9416902
2024-08-19,1488.4000244140625,1498.300048828125,1480.5,1482.5,13797742
2024-08-20,1495.949951171875,1503.925048828125,1490.0250244140625,1497.2249755859375,8411808
2024-08-21,1498.675048828125,1507.875,1490.0,1493.25,7769996
2024-08-22,1498.125,1506.5,1490.6500244140625,1503.0,10445782
2024-08-23,1499.9749755859375,1511.324951171875,1498.425048828125,1503.75,9249654
2024-08-26,1512.5999755859375,1523.0,1503.0,1506.9749755859375,8816114
2024-08-27,1500.449951171875,1513.4749755859375,1499.449951171875,1510.5,6251156
2024-08-28,1498.300048828125,1507.4749755859375,1493.0,1505.0,9610286
2024-08-29,1520.925048828125,1537.0,1494.0,1503.0999755859375,38335358
2024-08-30,1509.625,1539.7249755859375,1503.324951171875,1534.0,41620730
2024-09-02,1516.25,1526.800048828125,1506.625,1510.875,11240852
2024-09-03,1509.125,1523.0,1507.5,1521.25,10923800
2024-09-04,1514.550048828125,1517.5,1499.5,1500.699951171875,11983304
2024-09-05,1492.9749755859375,1525.7750244140625,1487.050048828125,1519.050048828125,16264168
2024-09-06,1464.824951171875,1497.0,1461.625,1492.5,19394228
2024-09-09,1462.449951171875,1469.925048828125,1455.5999755859375,1466.5,9010298
2024-09-10,1461.5250244140625,1472.050048828125,1457.574951171875,1460.5,10768260
2024-09-11,1451.5,1468.75,1447.550048828125,1463.050048828125,9760202
2024-09-12,1479.800048828125,1486.0,1445.875,1457.0,22349376
2024-09-13,1472.625,1483.1500244140625,1469.5,1476.4000244140625,8711328
2024-09-16,1471.3499755859375,1480.9000244140625,1464.75,1477.550048828125,5481774
2024-09-17,1472.300048828125,1477.4749755859375,1466.625,1474.0,5935328
2024-09-18,1463.449951171875,1482.0,1460.550048828125,1470.0,8574714
2024-09-19,1469.675048828125,1476.5,1455.550048828125,1466.25,16955902
2024-09-20,1485.925048828125,1495.0,1471.375,1474.0,30897320
2024-09-23,1493.375,1501.5,1488.949951171875,1491.0,8832314
2024-09-24,1489.375,1500.5,1487.875,1488.5,17137444
2024-09-25,1493.949951171875,1496.5,1480.199951171875,1483.9000244140625,7069002
2024-09-26,1497.949951171875,1504.0,1488.050048828125,1490.6500244140625,18818998
2024-09-27,1526.175048828125,1533.4749755859375,1492.0,1499.0,20597478
2024-09-30,1476.574951171875,1524.9749755859375,1474.4000244140625,1519.4000244140625,27008814
2024-10-01,1464.824951171875,1487.949951171875,1462.824951171875,1480.6500244140625,16431642
2024-10-03,1406.9749755859375,1449.4000244140625,1402.074951171875,1436.574951171875,37757294
2024-10-04,1386.5250244140625,1417.3499755859375,1381.7750244140625,1403.925048828125,37072876
2024-10-07,1370.7249755859375,1396.5,1361.375,1393.5,22181340
2024-10-08,1397.3499755859375,1401.0,1365.0999755859375,1372.9749755859375,17020808
2024-10-09,1374.5999755859375,1400.9749755859375,1372.5,1397.5250244140625,14310610
2024-10-10,1371.050048828125,1386.0,1369.425048828125,1380.0250244140625,22358646
2024-10-11,1372.0999755859375,1383.2750244140625,1368.824951171875,1370.0,7980122
2024-10-14,1372.5250244140625,1380.074951171875,1368.25,1379.449951171875,12221432
2024-10-15,1344.0250244140625,1371.699951171875,1340.699951171875,1358.5250244140625,33762794
2024-10-16,1354.074951171875,1364.0,1337.625,1340.0,20034438
2024-10-17,1356.425048828125,1368.449951171875,1352.050048828125,1365.699951171875,15543660
2024-10-18,1359.300048828125,1368.425048828125,1341.324951171875,1352.175048828125,12082452
2024-10-21,1369.199951171875,1374.0,1357.7249755859375,1367.125,14067408
2024-10-22,1343.3499755859375,1376.0,1340.2249755859375,1369.199951171875,15831960
2024-10-23,1338.5250244140625,1357.4749755859375,1335.0,1337.5,17214742
2024-10-24,1339.800048828125,1343.699951171875,1323.125,1335.2750244140625,22155934
2024-10-25,1327.8499755859375,1344.3499755859375,1322.0,1343.5,18597496
2024-10-28,1334.3499755859375,1353.0,1322.0999755859375,1337.0,10824350
2024-10-29,1340.0,1343.199951171875,1320.300048828125,1328.0999755859375,12008361
2024-10-30,1343.9000244140625,1350.0,1325.3499755859375,1335.0,11984423
2024-10-31,1332.050048828125,1343.0,1326.1500244140625,1340.0,9331650
2024-11-01,1338.6500244140625,1341.949951171875,1333.0,1333.050048828125,2127335
2024-11-04,1302.1500244140625,1340.0,1285.0999755859375,1337.8499755859375,19796890
2024-11-05,1305.300048828125,1309.550048828125,1286.1500244140625,1293.0,16267479
2024-11-06,1325.3499755859375,1328.300048828125,1300.199951171875,1310.0,21625209
2024-11-07,1305.6500244140625,1324.0,1302.5999755859375,1324.0,9611974
2024-11-08,1283.75,1301.6500244140625,1275.0,1297.6500244140625,19814406
2024-11-11,1272.699951171875,1286.0,1267.0,1278.949951171875,9056552
2024-11-12,1274.25,1289.300048828125,1267.5,1275.550048828125,10671091
2024-11-13,1252.050048828125,1275.449951171875,1249.5,1270.25,14633633
2024-11-14,1267.5999755859375,1272.5999755859375,1251.0999755859375,1253.5999755859375,12612633
2024-11-18,1260.75,1272.9000244140625,1243.9000244140625,1267.5999755859375,13620611
2024-11-19,1241.6500244140625,1281.5,1235.1500244140625,1260.75,14183746
2024-11-21,1223.0,1243.949951171875,1217.25,1241.6500244140625,19433843
2024-11-22,1265.4000244140625,1268.8499755859375,1222.449951171875,1229.4000244140625,20471957
2024-11-25,1287.0,1304.449951171875,1282.449951171875,1290.0,28923341
2024-11-26,1295.699951171875,1297.8499755859375,1284.199951171875,1294.949951171875,9247557
2024-11-27,1293.199951171875,1303.8499755859375,1286.0,1293.5,9572746
2024-11-28,1270.800048828125,1296.5999755859375,1269.050048828125,1289.949951171875,15027412
2024-11-29,1292.199951171875,1299.5,1275.25,1280.0,13202307
2024-12-02,1309.1500244140625,1311.3499755859375,1277.050048828125,1288.0,11024152
2024-12-03,1323.300048828125,1326.800048828125,1307.0,1317.0,16869482
2024-12-04,1308.949951171875,1328.4000244140625,1304.050048828125,1326.0,19608540
2024-12-05,1322.050048828125,1329.949951171875,1306.1500244140625,1314.3499755859375,16858723
2024-12-06,1311.550048828125,1323.9000244140625,1310.0,1323.9000244140625,9037514
2024-12-09,1295.1500244140625,1315.0,1293.0999755859375,1303.0,14650002
2024-12-10,1284.8499755859375,1294.9000244140625,1280.199951171875,1289.25,16043729
2024-12-11,1278.199951171875,1290.0,1276.050048828125,1285.0,11724373
2024-12-12,1262.9000244140625,1278.199951171875,1260.5999755859375,1270.0,20906813
2024-12-13,1272.8499755859375,1275.199951171875,1239.5999755859375,1260.0,28630222
2024-12-16,1268.300048828125,1281.0,1266.550048828125,1275.0,9486781
2024-12-17,1245.300048828125,1263.9000244140625,1242.800048828125,1261.050048828125,17462791
2024-12-18,1253.25,1259.949951171875,1240.6500244140625,1240.6500244140625,12670179
2024-12-19,1230.449951171875,1244.9000244140625,1229.0,1239.0,14244653
2024-12-20,1205.300048828125,1239.5,1201.5,1224.0,20312896
2024-12-23,1222.300048828125,1227.199951171875,1213.199951171875,1215.0,10052824
2024-12-24,1222.75,1233.550048828125,1221.0,1222.300048828125,6734917
2024-12-26,1216.550048828125,1227.699951171875,1214.25,1224.25,10016178
2024-12-27,1221.050048828125,1227.9000244140625,1217.0,1218.300048828125,7000397
2024-12-30,1210.699951171875,1223.199951171875,1208.0999755859375,1216.4000244140625,8818766
2024-12-31,1215.449951171875,1219.0999755859375,1206.1500244140625,1208.0,6405475
2025-01-01,1221.25,1226.300048828125,1211.5999755859375,1214.8499755859375,5892590
2025-01-02,1241.800048828125,1244.449951171875,1220.0,1221.25,15486276
2025-01-03,1251.1500244140625,1262.050048828125,1235.5,1243.9000244140625,15521102
2025-01-06,1218.0,1262.0,1215.0,1253.949951171875,14816766
2025-01-07,1240.8499755859375,1244.5,1221.25,1222.0,10070505
2025-01-08,1265.5,1271.050048828125,1245.3499755859375,1249.0,19346579
2025-01-09,1254.75,1269.75,1248.050048828125,1267.0,12794704
2025-01-10,1241.9000244140625,1256.75,1236.0,1253.8499755859375,8120332
2025-01-13,1239.8499755859375,1245.25,1226.4000244140625,1230.0,13764861
2025-01-14,1238.75,1253.3499755859375,1227.25,1244.0999755859375,13095266
2025-01-15,1252.199951171875,1257.0,1241.8499755859375,1244.949951171875,9578856
2025-01-16,1266.449951171875,1275.0,1251.300048828125,1258.9000244140625,14117603
2025-01-17,1302.3499755859375,1326.0,1285.0,1322.25,29366277
2025-01-20,1305.449951171875,1316.0,1300.25,1316.0,14040244
2025-01-21,1273.699951171875,1313.0,1270.199951171875,1310.5,14562976
2025-01-22,1277.0999755859375,1282.9000244140625,1268.699951171875,1278.300048828125,10273590
2025-01-23,1263.6500244140625,1277.3499755859375,1261.5999755859375,1270.0,8720682
2025-01-24,1246.300048828125,1273.0,1243.5,1266.0,14235970
2025-01-27,1229.3499755859375,1240.449951171875,1220.0,1239.0999755859375,9536019
2025-01-28,1234.4000244140625,1244.75,1218.5,1238.0,10568025
2025-01-29,1235.5,1242.75,1228.050048828125,1236.0,5928156
2025-01-30,1253.050048828125,1257.0,1232.4000244140625,1235.550048828125,9269259
2025-01-31,1265.0999755859375,1267.0,1249.0,1255.8499755859375,6584612
2025-02-01,1264.5999755859375,1270.550048828125,1241.0,1265.0999755859375,7118453
2025-02-03,1245.9000244140625,1256.0,1237.550048828125,1251.0,9252345
2025-02-04,1285.199951171875,1288.800048828125,1246.5999755859375,1248.050048828125,16691069
2025-02-05,1278.199951171875,1290.5,1276.699951171875,1282.6500244140625,10112028
2025-02-06,1281.550048828125,1288.0,1270.3499755859375,1273.699951171875,9955105
